{"cameraMode":{"drawMode":0,"name":"Shaded","section":"Shading Mode"},"sceneLighting":true,"audioPlay":false,"sceneViewState":{"m_AlwaysRefresh":false,"showFog":true,"showSkybox":true,"showFlares":true,"showImageEffects":true,"showParticleSystems":true,"showVisualEffectGraphs":true,"m_FxEnabled":true},"in2DMode":false,"pivot":{"x":3.3727760314941408,"y":-9.92586612701416,"z":33.761993408203128},"rotation":{"x":-0.1698831468820572,"y":-0.005617639049887657,"z":0.0009754967759363353,"w":-0.9854652285575867},"size":24.348730087280275,"orthographic":false}